{
  "name": "Musica",
  "type": "object",
  "properties": {
    "titulo": {
      "type": "string",
      "description": "Título da música"
    },
    "artista": {
      "type": "string",
      "description": "Nome do artista"
    },
    "album": {
      "type": "string",
      "description": "Nome do álbum"
    },
    "duracao": {
      "type": "number",
      "description": "Duração em segundos"
    },
    "genero": {
      "type": "string",
      "enum": [
        "pop",
        "rock",
        "hip-hop",
        "eletronica",
        "indie",
        "jazz",
        "classica",
        "sertanejo",
        "funk",
        "mpb",
        "outro"
      ],
      "description": "Gênero musical"
    },
    "ano": {
      "type": "number",
      "description": "Ano de lançamento"
    },
    "arquivo_url": {
      "type": "string",
      "description": "URL do arquivo de áudio"
    },
    "capa_url": {
      "type": "string",
      "description": "URL da capa/thumbnail"
    },
    "eh_publica": {
      "type": "boolean",
      "default": true,
      "description": "Se a música é pública ou do usuário"
    },
    "curtidas": {
      "type": "number",
      "default": 0,
      "description": "Número de curtidas"
    }
  },
  "required": ["titulo", "artista"]
}
