{
  "name": "Playlist",
  "type": "object",
  "properties": {
    "nome": {
      "type": "string",
      "description": "Nome da playlist"
    },
    "descricao": {
      "type": "string",
      "description": "Descrição da playlist"
    },
    "musicas_ids": {
      "type": "array",
      "items": {
        "type": "string"
      },
      "description": "IDs das músicas na playlist"
    },
    "capa_url": {
      "type": "string",
      "description": "URL da capa da playlist"
    },
    "eh_publica": {
      "type": "boolean",
      "default": false,
      "description": "Se a playlist é pública"
    },
    "cor_tema": {
      "type": "string",
      "default": "#1e40af",
      "description": "Cor tema da playlist"
    }
  },
  "required": ["nome"]
}
